DELETE FROM `world_quest` WHERE `id` IN (49098,49091,49099,48982,49096,49097,49171,49169,49166,49167,49168,49170,45812,45838,45839,45840);
INSERT INTO `world_quest` (`id`, `duration`, `variable`, `value`) VALUES
(49098, 21600, 14243, 1),
(49091, 21600, 14062, 1),
(49099, 21600, 14063, 1),
(48982, 21600, 14061, 1),
(49096, 21600, 14247, 1),
(49097, 21600, 14065, 1),
(49171, 604800, 14253, 1),
(49169, 604800, 14252, 1),
(49166, 604800, 14248, 1),
(49167, 604800, 14249, 1),
(49168, 604800, 14251, 1),
(49170, 604800, 14250, 1),
(45812, 21600, 13004, 1),
(45838, 21600, 13002, 1),
(45839, 21600, 13005, 1),
(45840, 21600, 13003, 1);

DELETE FROM `quest_poi` WHERE `QuestID` IN (45812,45838,45839,45840);
INSERT INTO `quest_poi` (`QuestID`, `BlobIndex`, `Idx1`, `ObjectiveIndex`, `QuestObjectiveID`, `QuestObjectID`, `MapID`, `WorldMapAreaId`, `Floor`, `Priority`, `Flags`, `WorldEffectID`, `PlayerConditionID`, `WoDUnk1`, `AlwaysAllowMergingBlobs`, `VerifiedBuild`) VALUES
(45812, 0, 1, 1, 288711, 118237, 1220, 1018, 0, 0, 0, 0, 0, 1260295, 0, 26972),
(45812, 0, 0, -1, 0, 0, 1220, 1018, 0, 0, 0, 0, 0, 1260295, 0, 26972),
(45838, 0, 2, 32, 0, 0, 1220, 1015, 0, 0, 0, 0, 0, 1285207, 0, 26972),
(45838, 0, 1, 1, 289066, 118944, 1220, 1015, 0, 0, 0, 0, 0, 1285207, 0, 26972),
(45838, 0, 0, -1, 0, 0, 1220, 1015, 0, 0, 0, 0, 0, 1285207, 0, 26972),
(45839, 0, 1, 1, 289317, 116868, 1220, 1017, 0, 0, 0, 0, 0, 1270170, 0, 26972),
(45839, 0, 0, -1, 0, 0, 1220, 1017, 0, 0, 0, 0, 0, 1270170, 0, 26972),
(45840, 0, 0, -1, 0, 0, 1220, 1080, 0, 0, 0, 0, 0, 1294505, 0, 26972);
	
DELETE FROM `quest_poi_points` WHERE `QuestID` IN (45812,45838,45839,45840);
INSERT INTO `quest_poi_points` (`QuestID`, `Idx1`, `Idx2`, `X`, `Y`, `VerifiedBuild`) VALUES
(45812, 1, 0, 3068, 7452, 26972),
(45812, 0, 0, 3068, 7452, 26972),
(45838, 2, 0, -866, 6143, 26972),
(45838, 1, 0, -866, 6143, 26972),
(45838, 0, 0, -866, 6143, 26972),
(45839, 1, 0, 4744, -190, 26972),
(45839, 0, 0, 4744, -190, 26972),
(45840, 0, 0, 4258, 4568, 26972);
		